MatchDate,Match_Time,League,HomeTeam,AwayTeam,FTHome,FTAway,FTResult,Country,H_prob,A_prob,D_prob,Mod_conf,Mod_Result,Right,Wrong
11/07/2025,19:00,LigaMX,Puebla,Atlas,2,3,A,México,,,,,,,
11/07/2025,21:00,LigaMX,Juárez,Club América,1,1,D,México,,,,,,,
11/07/2025,21:05,LigaMX,Tijuana,Querétaro,1,0,H,México,,,,,,,
12/07/2025,19:00,LigaMX,Toluca FC,Necaxa,3,1,H,México,,,,,,,
12/07/2025,19:00,LigaMX,Santos Laguna,Pumas UNAM,3,0,H,México,,,,,,,
12/07/2025,21:05,LigaMX,Cruz Azul,Mazatlán FC,0,0,D,México,,,,,,,
13/07/2025,17:00,LigaMX,Pachuca,Monterrey,3,0,H,México,,,,,,,
13/07/2025,19:00,LigaMX,León,Atlético de San Luis,0,1,A,México,,,,,,,
16/07/2025,19:00,LigaMX,Club América,Tijuana,3,1,H,México,,,,,,,
16/07/2025,21:05,LigaMX,Santos Laguna,Toluca FC,2,4,A,México,,,,,,,
18/07/2025,19:00,LigaMX,Necaxa,Querétaro,3,1,H,México,,,,,,,
18/07/2025,21:00,LigaMX,Atlético de San Luis,Monterrey,0,1,A,México,,,,,,,
18/07/2025,21:05,LigaMX,Mazatlán FC,Puebla,2,1,H,México,,,,,,,
19/07/2025,19:00,LigaMX,Tigres UANL,Juárez,1,0,H,México,,,,,,,
19/07/2025,19:00,LigaMX,León,Guadalajara,1,0,H,México,,,,,,,
19/07/2025,21:05,LigaMX,Atlas,Cruz Azul,3,3,D,México,,,,,,,
20/07/2025,12:00,LigaMX,Pumas UNAM,Pachuca,2,3,A,México,,,,,,,
25/07/2025,19:00,LigaMX,Querétaro,Pumas UNAM,0,2,A,México,,,,,,,
25/07/2025,19:00,LigaMX,Puebla,Santos Laguna,1,0,H,México,,,,,,,
25/07/2025,21:00,LigaMX,Tijuana,Juárez,1,1,D,México,,,,,,,
26/07/2025,17:00,LigaMX,Pachuca,Mazatlán FC,1,0,H,México,,,,,,,
26/07/2025,17:07,LigaMX,Guadalajara,Atlético de San Luis,4,3,H,México,,,,,,,
26/07/2025,19:00,LigaMX,Toluca FC,Tigres UANL,3,4,A,México,,,,,,,
26/07/2025,19:00,LigaMX,Monterrey,Atlas,3,1,H,México,,,,,,,
26/07/2025,19:00,LigaMX,Cruz Azul,León,4,1,H,México,,,,,,,
26/07/2025,21:05,LigaMX,Necaxa,Club América,1,1,D,México,,,,,,,
08/08/2025,21:00,LigaMX,Tigres UANL,Puebla,7,0,H,México,,,,,,,
09/08/2025,19:00,LigaMX,Club América,Querétaro,1,0,H,México,,,,,,,
09/08/2025,21:00,LigaMX,Mazatlán FC,Tijuana,2,2,D,México,,,,,,,
09/08/2025,21:05,LigaMX,Atlas,Pachuca,0,3,A,México,,,,,,,
10/08/2025,18:00,LigaMX,Pumas UNAM,Necaxa,1,1,D,México,,,,,,,
10/08/2025,20:05,LigaMX,Santos Laguna,Guadalajara,1,0,H,México,,,,,,,
11/08/2025,19:00,LigaMX,León,Monterrey,1,3,A,México,,,,,,,
11/08/2025,21:00,LigaMX,Juárez,Toluca FC,0,2,A,México,,,,,,,
11/08/2025,21:05,LigaMX,Atlético de San Luis,Cruz Azul,1,2,A,México,,,,,,,
15/08/2025,19:00,LigaMX,Puebla,Atlético de San Luis,0,2,A,México,,,,,,,
15/08/2025,21:05,LigaMX,Necaxa,León,0,1,A,México,,,,,,,
16/08/2025,17:07,LigaMX,Guadalajara,Juárez,1,2,A,México,,,,,,,
16/08/2025,19:00,LigaMX,Tigres UANL,Club América,1,3,A,México,,,,,,,
16/08/2025,19:00,LigaMX,Pachuca,Tijuana,0,2,A,México,,,,,,,
16/08/2025,19:00,LigaMX,Cruz Azul,Santos Laguna,3,2,H,México,,,,,,,
16/08/2025,21:10,LigaMX,Toluca FC,Pumas UNAM,1,1,D,México,,,,,,,
17/08/2025,16:00,LigaMX,Querétaro,Atlas,3,3,D,México,,,,,,,
17/08/2025,18:00,LigaMX,Monterrey,Mazatlán FC,3,2,H,México,,,,,,,
22/08/2025,19:00,LigaMX,Querétaro,Atlético de San Luis,3,2,H,México,,,,,,,
22/08/2025,19:00,LigaMX,Juárez,Santos Laguna,2,1,H,México,,,,,,,
22/08/2025,21:00,LigaMX,Tijuana,Guadalajara,3,3,D,México,,,,,,,
23/08/2025,17:00,LigaMX,León,Pachuca,1,1,D,México,,,,,,,
23/08/2025,19:00,LigaMX,Monterrey,Necaxa,3,0,H,México,,,,,,,
23/08/2025,19:00,LigaMX,Mazatlán FC,Tigres UANL,2,2,D,México,,,,,,,
23/08/2025,21:05,LigaMX,Cruz Azul,Toluca FC,1,0,H,México,,,,,,,
24/08/2025,17:00,LigaMX,Pumas UNAM,Puebla,0,0,D,México,,,,,,,
24/08/2025,19:05,LigaMX,Atlas,Club América,2,4,A,México,,,,,,,
29/08/2025,19:00,LigaMX,Juárez,Mazatlán FC,1,0,H,México,,,,,,,
29/08/2025,19:00,LigaMX,Atlético de San Luis,Toluca FC,1,3,A,México,,,,,,,
29/08/2025,21:05,LigaMX,Puebla,Monterrey,2,4,A,México,,,,,,,
30/08/2025,17:00,LigaMX,León,Querétaro,3,0,H,México,,,,,,,
30/08/2025,19:00,LigaMX,Santos Laguna,Tigres UANL,0,1,A,México,,,,,,,
30/08/2025,19:07,LigaMX,Guadalajara,Cruz Azul,1,2,A,México,,,,,,,
30/08/2025,21:05,LigaMX,Club América,Pachuca,2,0,H,México,,,,,,,
31/08/2025,16:00,LigaMX,Pumas UNAM,Atlas,1,0,H,México,,,,,,,
31/08/2025,21:00,LigaMX,Tijuana,Necaxa,3,0,H,México,,,,,,,
12/09/2025,19:00,LigaMX,Necaxa,Juárez,1,1,D,México,,,,,,,
12/09/2025,21:00,LigaMX,Mazatlán FC,Pumas UNAM,1,4,A,México,,,,,,,
13/09/2025,17:00,LigaMX,Pachuca,Cruz Azul,0,1,A,México,,,,,,,
13/09/2025,19:00,LigaMX,Tigres UANL,León,0,0,D,México,,,,,,,
13/09/2025,19:00,LigaMX,Atlas,Santos Laguna,2,2,D,México,,,,,,,
13/09/2025,21:00,LigaMX,Toluca FC,Puebla,3,1,H,México,,,,,,,
13/09/2025,21:15,LigaMX,Club América,Guadalajara,1,2,A,México,,,,,,,
14/09/2025,17:00,LigaMX,Querétaro,Monterrey,0,1,A,México,,,,,,,
14/09/2025,19:00,LigaMX,Atlético de San Luis,Tijuana,1,1,D,México,,,,,,,
17/09/2025,19:07,LigaMX,Guadalajara,Tigres UANL,0,0,D,México,,,,,,,
19/09/2025,19:00,LigaMX,Necaxa,Puebla,1,0,H,México,,,,,,,
19/09/2025,19:00,LigaMX,Cruz Azul,Juárez,3,2,H,México,,,,,,,
19/09/2025,21:00,LigaMX,Mazatlán FC,Atlas,1,1,D,México,,,,,,,
19/09/2025,21:05,LigaMX,Tijuana,León,5,0,H,México,,,,,,,
20/09/2025,17:00,LigaMX,Pachuca,Querétaro,0,2,A,México,,,,,,,
20/09/2025,19:00,LigaMX,Pumas UNAM,Tigres UANL,1,1,D,México,,,,,,,
20/09/2025,19:07,LigaMX,Guadalajara,Toluca FC,0,3,A,México,,,,,,,
20/09/2025,21:05,LigaMX,Monterrey,Club América,2,2,D,México,,,,,,,
21/09/2025,17:00,LigaMX,Santos Laguna,Atlético de San Luis,1,4,A,México,,,,,,,
23/09/2025,19:00,LigaMX,Puebla,Pachuca,2,2,D,México,,,,,,,
23/09/2025,19:07,LigaMX,Guadalajara,Necaxa,3,1,H,México,,,,,,,
23/09/2025,21:00,LigaMX,Juárez,Pumas UNAM,3,1,H,México,,,,,,,
23/09/2025,21:05,LigaMX,León,Mazatlán FC,2,2,D,México,,,,,,,
24/09/2025,18:00,LigaMX,Cruz Azul,Querétaro,2,2,D,México,,,,,,,
24/09/2025,19:00,LigaMX,Tigres UANL,Atlas,2,0,H,México,,,,,,,
24/09/2025,20:00,LigaMX,Toluca FC,Monterrey,6,2,H,México,,,,,,,
24/09/2025,21:00,LigaMX,Santos Laguna,Tijuana,1,0,H,México,,,,,,,
24/09/2025,21:00,LigaMX,Atlético de San Luis,Club América,0,1,A,México,,,,,,,
26/09/2025,19:00,LigaMX,Juárez,León,2,0,H,México,,,,,,,
27/09/2025,17:00,LigaMX,Puebla,Guadalajara,0,2,A,México,,,,,,,
27/09/2025,17:00,LigaMX,Pachuca,Atlético de San Luis,2,1,H,México,,,,,,,
27/09/2025,17:00,LigaMX,Atlas,Necaxa,3,2,H,México,,,,,,,
27/09/2025,19:00,LigaMX,Toluca FC,Mazatlán FC,3,1,H,México,,,,,,,
27/09/2025,19:00,LigaMX,Monterrey,Santos Laguna,1,0,H,México,,,,,,,
27/09/2025,21:05,LigaMX,Club América,Pumas UNAM,4,1,H,México,,,,,,,
28/09/2025,17:00,LigaMX,Querétaro,Tigres UANL,0,2,A,México,,,,,,,
28/09/2025,21:05,LigaMX,Tijuana,Cruz Azul,2,0,H,México,,,,,,,
03/10/2025,19:00,LigaMX,Necaxa,Pachuca,0,1,A,México,,,,,,,
03/10/2025,21:00,LigaMX,Mazatlán FC,Atlético de San Luis,2,1,H,México,,,,,,,
03/10/2025,21:05,LigaMX,Atlas,Juárez,3,1,H,México,,,,,,,
04/10/2025,17:00,LigaMX,Querétaro,Puebla,3,1,H,México,,,,,,,
04/10/2025,19:00,LigaMX,Tigres UANL,Cruz Azul,1,1,D,México,,,,,,,
04/10/2025,19:00,LigaMX,León,Toluca FC,2,4,A,México,,,,,,,
04/10/2025,21:05,LigaMX,Club América,Santos Laguna,3,0,H,México,,,,,,,
05/10/2025,19:00,LigaMX,Pumas UNAM,Guadalajara,1,2,A,México,,,,,,,
05/10/2025,21:05,LigaMX,Tijuana,Monterrey,2,2,D,México,,,,,,,
17/10/2025,19:00,LigaMX,Puebla,Tijuana,4,3,H,México,,,,,,,
17/10/2025,21:00,LigaMX,Tigres UANL,Necaxa,5,3,H,México,,,,,,,
17/10/2025,21:00,LigaMX,Atlético de San Luis,Atlas,2,0,H,México,,,,,,,
18/10/2025,17:00,LigaMX,Toluca FC,Querétaro,4,0,H,México,,,,,,,
18/10/2025,17:00,LigaMX,Santos Laguna,León,2,0,H,México,,,,,,,
18/10/2025,17:00,LigaMX,Juárez,Pachuca,2,2,D,México,,,,,,,
18/10/2025,19:00,LigaMX,Monterrey,Pumas UNAM,1,1,D,México,,,,,,,
18/10/2025,19:07,LigaMX,Guadalajara,Mazatlán FC,2,0,H,México,,,,,,,
18/10/2025,21:05,LigaMX,Cruz Azul,Club América,2,1,H,México,,,,,,,
21/10/2025,19:00,LigaMX,Necaxa,Cruz Azul,1,1,D,México,,,,,,,
21/10/2025,19:00,LigaMX,Club América,Puebla,2,1,H,México,,,,,,,
21/10/2025,21:00,LigaMX,Mazatlán FC,Santos Laguna,2,2,D,México,,,,,,,
21/10/2025,21:05,LigaMX,Monterrey,Juárez,4,2,H,México,,,,,,,
22/10/2025,19:00,LigaMX,Querétaro,Guadalajara,1,0,H,México,,,,,,,
22/10/2025,19:00,LigaMX,Pachuca,Tigres UANL,1,2,A,México,,,,,,,
22/10/2025,21:00,LigaMX,Tijuana,Toluca FC,0,0,D,México,,,,,,,
22/10/2025,21:00,LigaMX,Atlas,León,2,0,H,México,,,,,,,
22/10/2025,21:05,LigaMX,Pumas UNAM,Atlético de San Luis,0,1,A,México,,,,,,,
24/10/2025,19:00,LigaMX,Juárez,Puebla,4,4,D,México,,,,,,,
24/10/2025,21:00,LigaMX,Mazatlán FC,Club América,2,2,D,México,,,,,,,
25/10/2025,17:00,LigaMX,Tigres UANL,Tijuana,2,0,H,México,,,,,,,
25/10/2025,18:00,LigaMX,León,Pumas UNAM,1,1,D,México,,,,,,,
25/10/2025,18:07,LigaMX,Guadalajara,Atlas,4,1,H,México,,,,,,,
25/10/2025,21:05,LigaMX,Cruz Azul,Monterrey,2,0,H,México,,,,,,,
26/10/2025,17:00,LigaMX,Santos Laguna,Querétaro,3,1,H,México,,,,,,,
26/10/2025,19:00,LigaMX,Toluca FC,Pachuca,2,2,D,México,,,,,,,
26/10/2025,19:00,LigaMX,Atlético de San Luis,Necaxa,3,4,A,México,,,,,,,
31/10/2025,19:00,LigaMX,Necaxa,Santos Laguna,4,1,H,México,,,,,,,
31/10/2025,21:00,LigaMX,Atlético de San Luis,Juárez,1,2,A ,México,,,,,,,
31/10/2025,21:05,LigaMX,Puebla,Cruz Azul,0,3,A,México,,,,,,,
01/11/2025,17:00,LigaMX,Atlas,Toluca FC,0,0,D,México,,,,,,,
01/11/2025,19:05,LigaMX,Monterrey,Tigres UANL,1,1,D,México,,,,,,,
01/11/2025,21:10,LigaMX,Club América,León,2,0,H,México,,,,,,,
02/11/2025,12:00,LigaMX,Pumas UNAM,Tijuana,4,1,H,México,,,,,,,
02/11/2025,17:00,LigaMX,Querétaro,Mazatlán FC,1,0,H,México,,,,,,,
02/11/2025,19:00,LigaMX,Pachuca,Guadalajara,0,1,A,México,,,,,,,
07/11/2025,19:00,LigaMX,Juárez,Querétaro,1,2,A,México,,,,,,,
07/11/2025,21:00,LigaMX,Tijuana,Atlas,2,0,H,México,,,,,,,
07/11/2025,21:00,LigaMX,Mazatlán FC,Necaxa,1,1,D,México,,,,,,,
08/11/2025,17:00,LigaMX,Tigres UANL,Atlético de San Luis,3,1,H,México,,,,,,,
08/11/2025,17:07,LigaMX,Guadalajara,Monterrey,4,2,H,México,,,,,,,
08/11/2025,19:00,LigaMX,Toluca FC,Club América,2,0,H,México,,,,,,,
08/11/2025,19:00,LigaMX,León,Puebla,1,2,A,México,,,,,,,
08/11/2025,21:05,LigaMX,Cruz Azul,Pumas UNAM,2,3,A,México,,,,,,,
09/11/2025,17:00,LigaMX,Santos Laguna,Pachuca,1,0,H,México,,,,,,,
20/11/2025,19:00,LigaMX,Pachuca,Pumas UNAM,3,1,H,México,,,,,,,
20/11/2025,21:00,LigaMX,Tijuana,Juárez,3,1,H,México,,,,,,,
23/11/2025,19:00,LigaMX,Juárez,Pachuca,2,1,H,México,,,,,,,
26/11/2025,19:00,LigaMX,Juárez,Toluca FC,1,2,A,México,,,,,,,
26/11/2025,21:05,LigaMX,Monterrey,Club América,2,0,H,México,,,,,,,
26/11/2025,23:00,LigaMX,Tijuana,Tigres UANL,3,0,H,México,,,,,,,
27/11/2025,20:00,LigaMX,Guadalajara,Cruz Azul,0,0,D,México,,,,,,,
29/11/2025,17:00,LigaMX,Club América,Monterrey,2,1,H,México,,,,,,,
29/11/2025,19:05,LigaMX,Toluca FC,Juárez,0,0,D,México,,,,,,,
29/11/2025,21:10,LigaMX,Tigres UANL,Tijuana,5,0,H,México,,,,,,,
30/11/2025,19:00,LigaMX,Cruz Azul,Guadalajara,3,2,H,México,,,,,,,
03/12/2025,19:00,LigaMX,Cruz Azul,Tigres UANL,1,1,D,México,,,,,,,
03/12/2025,21:10,LigaMX,Monterrey,Toluca FC,1,0,H,México,,,,,,,
06/12/2025,19:00,LigaMX,Toluca FC,Monterrey,3,2,H,México,,,,,,,
06/12/2025,21:10,LigaMX,Tigres UANL,Cruz Azul,1,1,D,México,,,,,,,
11/12/2025,20:00,LigaMX,Tigres UANL,Toluca FC,1,0,H,México,,,,,,,
14/12/2025,19:00,LigaMX,Toluca FC,Tigres UANL,3,1,H,México,,,,,,,
09/01/2026,19:00,LigaMX,Mazatlán FC,Juárez,1,2,A,México,,,,,,,
09/01/2026,21:00,LigaMX,Tijuana,Club América,0,0,D,México,,,,,,,
09/01/2026,21:00,LigaMX,Atlas,Puebla,1,0,H,México,,,,,,,
10/01/2026,17:07,LigaMX,Guadalajara,Pachuca,2,0,H,México,,,,,,,
10/01/2026,19:00,LigaMX,Santos Laguna,Necaxa,1,3,A,México,,,,,,,
10/01/2026,19:00,LigaMX,León,Cruz Azul,2,1,H,México,,,,,,,
10/01/2026,21:05,LigaMX,Monterrey,Toluca FC,0,1,A,México,,,,,,,
11/01/2026,12:00,LigaMX,Pumas UNAM,Querétaro,1,1,D,México,,,,,,,
11/01/2026,19:00,LigaMX,Atlético de San Luis,Tigres UANL,1,2,A,México,,,,,,,
13/01/2026,17:00,LigaMX,Mazatlán FC,Puebla,2,1,H,México,,,,,,,
13/01/2026,19:00,LigaMX,Necaxa,Monterrey,0,2,A,México,,,,,,,
13/01/2026,19:00,LigaMX,Pachuca,León,2,1,H,México,,,,,,,
13/01/2026,21:10,LigaMX,Juárez,Guadalajara,0,1,A,México,,,,,,,
14/01/2026,17:00,LigaMX,Cruz Azul,Atlas,2,0,H,México,,,,,,,
14/01/2026,19:00,LigaMX,Querétaro,Tijuana,1,2,A,México,,,,,,,
14/01/2026,19:05,LigaMX,Club América,Atlético de San Luis,0,2,A,México,,,,,,,
14/01/2026,21:05,LigaMX,Tigres UANL,Pumas UNAM,0,1,A,México,,,,,,,
14/01/2026,21:00,LigaMX,Toluca FC,Santos Laguna,3,1,H,México,,,,,,,
16/01/2026,21:00,LigaMX,Mazatlán FC,Monterrey,1,5,A,México,,,,,,,
17/01/2026,17:00,LigaMX,Necaxa,Atlas,0,1,A,México,,,,,,,
17/01/2026,17:07,LigaMX,Guadalajara,Querétaro,2,1,H,México,,,,,,,
17/01/2026,19:00,LigaMX,Tigres UANL,Toluca FC,0,0,D,México,,,,,,,
17/01/2026,21:05,LigaMX,Cruz Azul,Puebla,1,0,H,México,,,,,,,
17/01/2026,21:05,LigaMX,Tijuana,Atlético de San Luis,1,1,D,México,,,,,,,
18/01/2026,12:00,LigaMX,Pumas UNAM,León,1,1,D,México,,,,,,,
18/01/2026,17:00,LigaMX,Santos Laguna,Juárez,2,2,D,México,,,,,,,
18/01/2026,19:00,LigaMX,Pachuca,Club América,0,0,D,México,,,,,,,
30/01/2026,19:00,LigaMX,Puebla,Toluca FC,0,0,D,México,22.82,47.64,29.54,MEDIA,A,0,1
30/01/2026,21:00,LigaMX,Pumas UNAM,Santos Laguna,4,0,H,México,45.85,24.25,29.89,MEDIA,H,1,0
30/01/2026,21:06,LigaMX,Juárez,Cruz Azul,3,4,A,México,24.78,44.39,30.83,BAJA,A,1,0
31/01/2026,16:00,LigaMX,Club América,Necaxa,2,0,H,México,60.4,17.04,22.56,MEDIA,H,1,0
31/01/2026,17:00,LigaMX,Atlético de San Luis,Guadalajara,2,3,A,México,33.64,36.84,29.53,BAJA,A,1,0
31/01/2026,17:00,LigaMX,Atlas,Mazatlán FC,1,0,H,México,43.57,25.23,31.2,BAJA,H,1,0
31/01/2026,19:00,LigaMX,Monterrey,Tijuana,2,2,D,México,67.19,12.17,20.64,ALTA,H,0,1
31/01/2026,19:10,LigaMX,León,Tigres UANL,1,2,A,México,34.53,36.12,29.34,BAJA,A,1,0
01/02/2026,17:00,LigaMX,Querétaro,Pachuca,0,0,D,México,34.37,34.74,30.89,BAJA,D,1,0
